102,Roles for Computing in Social Change,38
21,Classification with Fairness Constraints: A Meta-Algorithm with Provable Guarantees,33
49,Fairness and Abstraction in Sociotechnical Systems,32
56,On the Apparent Conflict Between Individual and Group Fairness,30
67,Towards a Critical Race Methodology in Algorithmic Fairness,30
97,"Counterfactual Risk Assessments, Evaluation, and Fairness",28
42,A Comparative Study of Fairness-Enhancing Interventions in Machine Learning,28
59,The Disparate Equilibria of Algorithmic Decision Making when Individuals Invest Rationally,27
94,Awareness in Practice: Tensions in Access to Sensitive Attribute Data for Antidiscrimination,26
83,POTs: Protective Optimization Technologies,25
52,50 Years of Test (Un) fairness: Lessons for Machine Learning,25
111,Case Study: Predictive Fairness to Reduce Misdemeanor Recidivism Through Social Service Interventions,24
51,Disparate Interactions: An Algorithm-in-theLoop Analysis of Fairness in Risk Assessments,24
108,FlipTest: Fairness Testing via Optimal Transport,23
70,Mitigating Bias in Algorithmic Hiring: Evaluating Claims and Practices,23
36,Racial categories in machine learning,22
6,Gender shades: Intersectional accuracy disparities in commercial gender classification,21
71,Fairness Warnings and Fair-MAML: Learning Fairly with Minimal Data‚àó,21
92,"What does it mean to ‚Äòsolve‚Äô the problem of discrimination in hiring? Social, technical and legal perspectives from the UK on automated hiring systems",21
46,Fairness through Causal Awareness: Learning Causal Latent-Variable Models for Biased Data,20
69,Fair Classification and Social Welfare,19
98,Fairness Is Not Static: Deeper Understanding of Long Term Fairness,19
93,Toward Situated Interventions for Algorithmic Equity: Lessons from the Field,19
18,A Moral Framework for Understanding Fair ML through Economic Models of Equality of Opportunity,18
27,Fair Algorithms for Learning in Allocation Problems,18
105,Closing the AI Accountability Gap: Defining an End-to-End Framework for Internal Algorithmic Auditing,18
10,Decoupled Classifiers for Group-Fair and Efficient Machine Learning,17
12,The cost of fairness in binary classification,17
99,Bias in Word Embeddings,16
65,"An Empirical Study on the Perceived Fairness of Realistic, Imperfect Machine Learning Models",16
86,Studying Up: Reorienting the study of algorithmic fairness around issues of power,16
32,The Disparate Effects of Strategic Manipulation,14
25,Bias in Bios: A Case Study of Semantic Representation Bias in a High-Stakes Setting,14
110,Artificial mental phenomena: Psychophysics as a framework to detect perception biases in AI models,14
34,Fairness Under Unawareness: Assessing Disparity When Protected Class Is Unobserved,14
4,Runaway Feedback Loops in Predictive Policing,13
96,Whose Tweets are Surveilled for the Police: An Audit of a Social-Media Monitoring Tool via Log Files,13
3,Interventions over Predictions: Reframing the Ethical Debate for Actuarial Risk Assessment,13
43,Access to Population-Level Signaling as a Source of Inequality,13
37,Fairness-Aware Programming,13
112,"Algorithmic Targeting of Social Policies: Fairness, Accuracy, and Distributed Governance",12
85,Bidding Strategies with Gender Nondiscrimination Constraints for Online Ad Auctions,12
26,Beyond open vs closed: Balancing individual privacy and public accountability in data sharing.,12
15,Explaining Explanations in AI,12
58,The Effects of Competition and Regulation on Error Inequality in Data-Driven Markets,12
62,The impact of overbooking on a pre-trial risk assessment tool,11
17,The Social Cost of Strategic Classification,11
29,Downstream effects of affirmative action,11
48,From Soft Classifiers to Hard Decisions: How fair can we be?,11
47,Measuring the Biases that Matter: The Ethical and Casual Foundations for Measures of Fairness in Algorithms,11
20,Model Cards for Model Reporting,10
40,An empirical study of rich subgroup fairness for machine learning,10
101,Reducing Sentiment Polarity for Demographic Attributes in Word Embeddings using Adversarial Learning,10
100,‚ÄúThe Human Body is a Black Box‚Äù: Supporting Clinical Decision-Making with Deep Learning,10
113,Multi-Category Fairness in Sponsored Search Auctions,9
104,Data in New Delhi‚Äôs Predictive Policing System,8
5,Fairness in Machine Learning: Lessons from Political Philosophy,8
9,Discrimination in online advertising: a multidisciplinary inquiry,8
39,Problem Formulation and Fairness,8
55,"Garbage In, Garbage Out? Do Machine Learning Application Papers in Social Computing Report Where Human-Labeled Training Data Comes From?",7
66,Fair Decision Making Using Privacy-Protected Data,7
76,Fairness and Utilization in Allocating Resources with Uncertain Demand,7
0,A Case Study of Algorithm-Assisted Decision Making in Child Maltreatment Hotline Screening Decisions,6
14,Interpretable Active Learning,6
107,"Implications of AI (Un-)Fairness in Higher Education Admissions The Effects of Perceived AI (Un-)Fairness on Exit, Voice and Organizational Reputation",6
11,Recommendation Independence,6
81,Multi-layered Explanations from Algorithmic Impact Assessments in the GDPR,5
16,From Fair Decision Making To Social Equality,5
1,Privacy for all: Ensuring fair and equitable privacy protections,5
31,A Taxonomy of Ethical Tensions in Inferring Mental Health States from Social Media,4
8,Potential for Discrimination in Online Targeted Advertising,4
35,On Microtargeting Socially Divisive Ads: A Case Study of Russia-Linked Ad Campaigns on Facebook,4
95,Integrating FATE/Critical Data Studies into Data Science Curricula: Where are we going and how do we get there?,4
2,Balanced Neighborhoods for Multi-sided Fairness in Recommendation,4
24,"Clear sanctions, vague rewards: How China‚Äôs social credit system currently defines good and bad behavior",3
89,From Ethics Washing to Ethics Bashing: A View on Tech Ethics from Within Moral Philosophy,3
77,Onward for the freedom of others Marching beyond the AI Ethics,3
54,"Regulating Transparency? Facebook, Twitter and the German Network Enforcement Act",1
2357,Equality of Opportunity in Supervised Learning,35
2561,Fair prediction with disparate impact: A study of bias in recidivism prediction instruments,30
2596,Fairness through awareness,29
3002,Inherent trade-offs in the fair determination of risk scores,27
3262,Machine bias,26
1747,Certifying and Removing Disparate Impact,22
1626,Big Data‚Äôs Disparate Impact,21
3172,Learning fair representations,14
2576,Fairness Beyond Disparate Treatment & Disparate Impact:  Learning Classification without Disparate Mistreatment,14
1328,Algorithmic Decision Making and the Cost of Fairness,12
1546,Avoiding Discrimination through Causal Reasoning,11
3562,On the (im) possibility of fairness,11
2578,Fairness Constraints: Mechanisms for Fair Classification,10
2583,Fairness in Criminal Justice Risk Assessments: The State of the Art,10
1841,COMPAS Risk Scales: Demonstrating Accuracy Equity and Predictive Parity,9
2586,Fairness in Learning: Classic and Contextual Bandits,9
5177,"Where fairness fails: data, algorithms, and the  limits of antidiscrimination discourse",9
1926,Counterfactual Fairness,9
2867,How We Analyzed the COMPAS Recidivism Algorithm,8
2080,Delayed Impact of Fair Machine Learning,8
1353,Algorithms of Oppression: How Search Engines Reinforce Racism,8
4884,Three Naive Bayes Approaches for Discrimination-Free Classification,8
2602,Fairness-Aware Classifier with Prejudice Remover Regularizer,8
4993,UCI Machine Learning Repository,8
3798,Preventing Fairness Gerrymandering: Auditing and Learning for Subgroup Fairness,8
4892,To Predict and Serve?,8
2196,Discrimination-aware data mining,8
2244,Does mitigating ML‚Äôs impact disparity require treatment disparity?,7
4661,The Measure and Mismeasure of  Fairness: A Critical Review of Fair Machine Learning,7
1786,Classifying without discriminating,7
2191,Discrimination in online ad delivery,7
5109,Weapons of Math Destruction: How Big Data Increases Inequality and Threatens Democracy,7
1535,"Automating Inequality: How High-Tech Tools Profile, Police, and Punish the Poor",6
4206,Semantics derived automatically from language corpora contain human-like biases,6
3178,Learning Non-Discriminatory Predictors,6
1234,Accountable algorithms,6
3292,Man is to computer programmer as woman is to homemaker? debiasing word embeddings,5
2579,Fairness Definitions Explained,5
3982,Ranking with Fairness Constraints,5
1506,Auditing Algorithms: Research Methods for Detecting Discrimination on Internet Platforms,5
1521,"Automated Experiments on Ad Privacy Settings: A Tale of Opacity, Choice, and Discrimination",5
1161,A Reductions Approach to Fair Classification,5
4355,Strategic classification,4
1208,A Theory of Justice,4
5018,Uniform Guidelines on Employee Selection Procedures,4
4422,Technological  Due  Process,4
1244,Actionable Auditing: Investigating the Impact of Publicly Naming Biased Performance Results of Commercial AI Products,4
4458,"The accuracy, fairness, and limits of predicting recidivism",4
2590,Fairness in Reinforcement Learning,4
1345,Algorithmic Transparency via Quantitative Input Influence: Theory and Experiments with Learning Systems,4
2598,Fairness Under Composition,4
1999,Data preprocessing techniques for classification without discrimination,4
2020,Data-Driven Discrimination at Work,4
1992,Data Feminism,4
1584,Beyond Distributive Fairness in Algorithmic Decision Making: Feature Selection for Procedurally Fair Learning,4
2205,Disparate Impact in Big Data Policing,4
4074,Residual Unfairness in Fair Machine Learning from Prejudiced Data,4
4792,The Seductive Diversion of ‚ÄòSolving‚Äô Bias in Artificial Intelligence,4
2525,Facebook Lets Advertisers Exclude Users by Race,4
4484,The Black Box Society: The Secret Algorithms that  Control Money and Information,4
2603,Fairness-aware learning through regularization approach,4
2572,Fairness and Machine Learning,4
2851,How the Machine ‚ÄôThinks:‚Äô Understanding Opacity in Machine Learning Algorithms,4
4550,The elements of statistical learning,3
2588,Fairness in Machine Learning: Lessons from Political  Philosophy,3
1956,Critical Questions for Big Data,3
2824,How Do Classifiers Induce Agents to Invest Effort Strategically?,3
3548,On Fairness and Calibration,3
5216,Will affirmative-action policies eliminate negative stereotypes? ,3
2040,Decentering technology in discourse on discrimination,3
2566,"Fair, Transparent, and Accountable Algorithmic Decision-making Processes",3
3338,Measuring Fairness in Ranked Outputs,3
2555,Fair inference on outcomes,3
1136,A Multidisciplinary Survey on Discrimination Analysis,3
3933,Race after technology: Abolitionist  tools for the New Jim Code,3
4639,The Intuitive Appeal of Explainable Machines,3
5189,Why a right to explanation of automated decision-making does not exist in the General Data Protection Regulation,3
3774,"Prediction-Based Decisions and Fairness: A Catalogue of Choices, Assumptions, and Definitions",3
2595,Fairness testing: testing software for discrimination,3
4125,"Risk, Race, & Recidivism: Predictive Bias and Disparate Impact",3
2885,Human decisions and machine predictions,3
1734,Causality,3
1581,"Better, Nicer, Clearer, Fairer: A Critical Assessment of the Movement for Ethical Artificial Intelligence and Machine Learning",3
1367,Amazon scraps secret AI recruiting tool that showed bias against women,3
2189,Discrimination aware decision tree learning,3
2029,Datasheets for Datasets,3
1452,Are Emily and Greg More Employable than Lakisha and Jamal? A Field Experiment on Labor Market Discrimination,3
3326,Meaningful information and the right to explanation,3
5201,Why Is My Classifier Discriminatory?,3
1351,Algorithms in practice: Comparing web journalism and criminal justice,3
1490,Assessing Risk Assessment in Action,3
1595,Bias in computer systems,3
1678,Calibration for the (Computationally-Identifiable) Masses,3
2616,"False Positives, False Negatives, and False Analyses: A Rejoinder to ‚ÄúMachine Bias: There‚Äôs Software Used across the Country to Predict Future Criminals",3
4062,Report to the Congress on Credit Scoring and Its Effects on the Availability and Affordability of Credit,3
4721,The Perpetual Line-Up: Unregulated Police Face Recognition in America,2
2510,Face recognition performance: Role of demographic information,2
1600,"Bias In, Bias Out",2
1297,AI Now Report 2018,2
4113,Risk as a Proxy for Race: The Dangers of Risk Assessment,2
2571,Fairness and Accountability Design Needs for Algorithmic Support in High-Stakes Public Sector Decision-Making,2
2888,Human Perceptions of Fairness in Algorithmic Decision Making: A Case Study of Criminal Risk Prediction,2
5230,Word embeddings quantify 100 years of gender and ethnic stereotypes,2
1732,Causal Interventions for Fairness,2
2884,https://www,2
2429,Examining Gender and Race Bias in Two Hundred Sentiment Analysis Systems,2
4685,The Myth in the Methodology: Towards a Recontextualization of Fairness in Machine Learning,2
3532,Odd Numbers,2
2173,"Dirty Data, Bad Predictions: How Civil Rights Violations Impact Police Data, Predictive Policing Systems and Justice",2
4756,The Public Safety Assessment: A Re-validation and Assessment of Predictive Utility and Differential Prediction by Race and Gender in Kentucky,2
3334,Measuring and Mitigating Unintended Bias in Text Classification,2
4813,The Statistical Theory of Racism and Sexism,2
1509,Auditing Black-box Models for Indirect Influence,2
3032,Interpretable classification models for recidivism prediction,2
2350,Equality and equal opportunity for welfare,2
5134,What Is the Point of Equality? ,2
4912,Toward Controlling Discrimination in Online Ad Auctions,2
4749,The Promise and Peril of Predictive Analytics in Higher Education: A Landscape Analysis,2
1660,Building Classifiers with Independency Constraints,2
3189,Learning under selective labels in the presence of expert consistency,2
3772,Prediction policy problems,2
3332,Measuring Algorithmic Fairness,2
3960,Racial Disparity in Natural Language Processing: A Case Study of Social Media African-American English,2
1327,Algorithmic Bias? An Empirical Study into Apparent Gender-Based Discrimination in the Display of STEMCareer Ads,2
2335,Enslaving the Algorithm: From a ‚ÄúRight  to an Explanation‚Äù to a ‚ÄúRight to Better Decisions‚Äù?,2
3930,Questioning the assumptions behind fairness solutions,2
1386,An economic argument for affirmative action,2
3566,On the currency of egalitarian justice,2
2952,Improving Fairness in Machine Learning Systems: What Do Industry Practitioners Need?,2
1013,"""Fair"" Risk Assessments: A Precarious Approach for Criminal Justice Reform",2
4310,Stackelberg Games for Adversarial Prediction problems,2
1960,Critique and  Contribute: A Practice-Based Framework for Improving Critical Data Studies  and Data Science,2
1326,Algorithmic bias: From discrimination discovery to fairness-aware data mining,2
2741,Glove: Global vectors for word representation,2
1907,Controlling attribute effect in linear regression,2
3707,Physiognomys New Clothes,2
3162,Layers of Bias: A Uni ed Approach for Understanding Problems With Risk Assessment,2
4829,The Theory of Discrimination,2
1505,Auditing Algorithms for Discrimination,2
3337,Measuring discrimination in algorithmic decision making,2
2194,Discrimination through Optimization: How Facebook‚Äôs Ad Delivery Can Lead to Biased Outcomes,2
1617,Big Data Surveillance: The Case of Policing,2
2103,Design justice: Towards an intersectional feminist framework for design theory and practice,2
2407,"European Union regulations on algorithmic decision-making and a ""right to explanation""",2
5168,When Is Discrimination Wrong? ,2
1781,"Clarity, surprises, and further questions in the Article 29 Working Party draft guidance on automated decision-making and profiling",2
2799,"Help Wanted: An Examination of Hiring Algorithms, Equity, and Bias",2
3199,Lessons Learned in Trying to Reform AI,2
2682,From Parity to Preference-based Notions of Fairness in Classification,2
1167,A Right to Reasonable Inferences: Re-thinking Data Protection Law in the Age of Big Data and AI,2
1913,Convex Optimization,2
4949,Translation tutorial: 21 fairness definitions and their politics,2
2423,Evidence-based sentencing and the scientific rationalization of discrimination,2
1175,A Short-term Intervention for Long-term Fairness in the Labor Market,2
1623,"Big Data: A Report on Algorithmic Systems, Opportunity, and Civil Rights",2
2600,Fairness Without Demographics in Repeated Loss Minimization,2
2507,FA*IR: A Fair Top-k Ranking Algorithm,2
5025,Unsafe at Any Bureaucracy: CFPB Junk Science and Indirect Auto Lending,1
4532,The Discovery of Grounded  Theory: Strategies for Qualitative Research,1
3971,Racial segregation and the black‚Äìwhite test score gap,1
4081,Responsibility for justice,1
2227,"Do artifacts have politics? Daedalus (1980), 121‚Äì136",1
3192,Learning Word Vectors for Sentiment Analysis,1
4589,The Frontiers of Fairness in Machine Learning,1
4045,Reinforcement learning: An introduction,1
1085,A Computer Program Used for Bail and Sentencing  Decisions Was Labeled Biased Against Blacks,1
1981,Dark matters: On the surveillance of blackness,1
5156,What‚Äôs so Bad about Discrimination? ,1
1091,A Convex Framework for Fair Regression,1
4116,Risk Assessment Instruments Validated and Implemented in Correctional Settings in the United States,1
1193,A survey of accuracy evaluation metrics of recommendation tasks,1
2844,How Police Technology Aggravates Racial Inequity: A Taxonomy of Problems and a Path Forward,1
4605,The heavy costs of high bail: Evidence from judge randomization,1
2658,"For incapacitation, there is no time like the present: The lagged e ects of prisoner reentry on property and violent crime rates",1
1017,"""Participant"" Perceptions of Twitter Research Ethics",1
1990,Data Decisions and Theoretical Implications whenAdversarially Learning Fair Representations,1
1504,audit-AI (Python library),1
2721,Genetic Options: The Impact of Genetic Ancestry Testing on Consumers‚Äô Racial and Ethnic Identities,1
3916,Quantifying and reducing stereotypes in word embeddings,1
3904,Punishment and Inequality in America,1
1321,Algorithmic Accountability Reporting: On the Investigation of Black Boxes,1
3537,"Of, for, and by the people: the legal lacuna of synthetic persons",1
2986,Inequality reexamined,1
3319,Mathematical Notions vs Human Perception of Fairness,1
2202,"Disentangling substantiation: The influence of race, income, and risk on the substantiation decision in child welfare",1
2212,Distortion of justice: How the inability to pay bail affects case outcomes,1
3808,Principles of ExplanatoryDebugging to Personalize Interactive Machine Learning,1
1403,An Intersectional Definition of Fairness,1
3824,Privacy as contextual integrity,1
1778,Civil Rights Act,1
4871,There is a blind spot in AI research,1
3810,Principles of Mixed-Initiative User Interfaces,1
4672,"The Missing ‚ÄúOne-Offs?‚Äù: The Hidden Supply of High-Achieving, Low-Income Students",1
4306,Spheres of justice: A defense of pluralism and equality,1
1977,Danger Ahead: Risk Assessment and the Future of Bail Reform,1
1347,"Algorithms, governance, and governmentality: On  governing academic writing",1
1051,21 Fairness Definitions and Their Politics,1
1381,An Analysis of the New York City Police Department‚Äôs ‚ÄúStop-and-Frisk‚Äù Policy in the Context of Claims of Racial Bias,1
4780,The role of race in forecasts of violent crime,1
2276,Eddie Murphy and the dangers of counterfactual causal thinking about detecting racial discrimination,1
1512,Auditing Search Engines for Di?erential Satisfaction Across Demographics,1
1310,Algorithm Appreciation: People Prefer Algorithmic To Human Judgment,1
4579,The Filter Bubble: What The Internet Is Hiding From You,1
3883,Proxy non-discrimination in data-driven systems,1
2493,Exploring or exploiting? social and ethical implications of autonomous experimentation in AI,1
3171,Learning fair classifiers: A regularization-inspired approach,1
2312,Empirical risk minimization under fairness constraints,1
2213,Distributed representations of words and phrases and their compositionality,1
1695,"Can Luck Egalitarianism Justify the Fact that Some are Worse Off than Others? Journal of Applied Philosophy 33, 3 (2016), 259‚Äì269",1
3714,Plans and situated actions: The problem of human-machine communication,1
1673,Cake cutting: Not just child‚Äôs play,1
2567,"Fairer and more accurate, but for whom?",1
2321,Engaging the Ethics of Data Science  in Practice,1
2696,Gender and Dialect Bias in YouTube‚Äôs Automatic Captions,1
1644,Born free and equal?: a philosophical inquiry into the nature of discrimination,1
1792,Clinical Versus Statistical Prediction: A Theoretical Analysis and a Review of the Evidence,1
1435,Anti-discrimination analysis using privacy attack strategies,1
5150,What we talk about when we talk about context,1
2623,FAT* Be Wilin‚Äô: A Response to Racial Categories of Machine Learning by Sebastian Benthall and Bruce Haynes,1
4190,Seeing Like a State: How Certain Schemes to Improve the Human Condition Have Failed,1
5160,When bad things happen to good people: luck egalitarianism and costly rescues,1
3963,Racial formation in the United States,1
2042,Decision Making with Limited Feedback: Error bounds for Recidivism Prediction and Predictive Policing,1
3404,Mitigating Bias in AI Models,1
4260,Situated Knowledges: The Science Question in Feminism and the Privilege of the Partial Perspective,1
4602,"The growing ubiquity of algorithms in society: implications, impacts and innovations",1
3733,Political polarization on twitter,1
1731,"Causal inference using potential outcomes: Design, modeling, decisions",1
1995,Data mining for discrimination discovery,1
1676,Calibrating noise to sensitivity in private data analysis,1
4547,"The effects of pre-trial detention on conviction, future crime, and employment: Evidence from randomly assigned judges",1
3974,Random forests,1
5039,Use privacy in data-driven systems: Theory and experiments with machine learnt programs,1
1275,Against Black Inclusion in Facial Recognition,1
4559,The ethics of algorithms: Mapping the debate,1
4114,Risk assessment and decision making in child protective services: Predictive risk modeling in context,1
3728,Policing Predictive Policing,1
2826,How do Humans Understand Explanations from Machine Learning Systems? An Evaluation of the Human-Interpretability of Explanation,1
2592,Fairness Incentives for Myopic Agents,1
2403,Ethics washing made in Europe,1
1953,Critical Algorithm Studies: a Reading List,1
3083,It‚Äôs time to do something: mitigating the negative impacts of computing through a change to the peer review process,1
2585,"Fairness in employment testing: Validity generalization, minority issues, and the General Aptitude Test Battery",1
2805,High-performance medicine: the convergence of human and  artificial intelligence,1
1739,Censored exploration and the dark pool problem,1
4232,Shaping the Web: Why the politics of search engines matters,1
2353,Equality of opportunity,1
2841,How much is enough? choosing Œµ for differential privacy,1
3577,On the Statistical Consistency of Plug-in Classifiers for Non-decomposable Performance Measures,1
3058,Investigating the Impact of Gender on Rank in Resume Search Engines,1
1796,CMU researchers see disparity in targeted online job ads,1
3384,"Microsoft improves facial recognition technology to perform well across all skin tones, genders",1
4379,Supersparse linear integer models for optimized medical scoring systems,1
2608,FairTest: Discovering Unwarranted Associations in Data-Driven Applications,1
3889,Psychology of prejudice and discrimination,1
3034,Interpretable Clustering via Discriminative Rectangle Mixture Model,1
3021,Internet Advertising and the Generalized Second-Price Auction: Selling Billions of Dollars Worth of Keywords,1
4463,The Algorithmic Foundations of Differential Privacy,1
2096,Dermatologist-level classification of skin cancer with deep neural networks,1
3259,LSAC national longitudinal bar passage study,1
4800,The social construction of what?,1
3740,Position auctions,1
5129,What is equality? Part 1: Equality of welfare,1
1409,An introduction to statistical learning : with applications in R,1
1111,A Framework For Understanding Unintended Consequences of Machine Learning,1
3436,"Moral Dimensions: Permissibility, Meaning, Blame  ",1
2575,Fairness Behind a Veil of Ignorance: A Welfare Analysis for Automated Decision Making,1
1702,"Captivating Technology: Race, Carceral Technoscience, and Liberatory Imagination in Everyday Life",1
4846,The unintended impact of pretrial detention on case outcomes: Evidence from New York City arraignments,1
1994,Data Is the New What? Popular Metaphors & Professional Ethics in Emerging Data Culture,1
5176,Where are human subjects in Big Data research? The emerging ethics divide,1
3324,Mean Field Equilibria of Dynamic Auctions with Learning,1
2793,Handling conditional discrimination,1
3452,Multicalibration: Calibration for the (computationally-identifiable) masses,1
2360,Equality of What? ,1
3939,Race as a bundle of sticks: Designs that estimate effects of seemingly immutable characteristics,1
4714,The Paradox of Automation as Anti-Bias Intervention,1
3349,Mechanism Design for Social Good,1
1840,COMPAS Risk & Need Assessment System,1
3574,On the relation between accuracy and fairness in binary classification,1
1131,A Methodology for Direct and Indirect Discrimination Prevention in Data Mining,1
3063,Is Algorithmic Affirmative Action Legal? ,1
2372,Estimating individual treatment effect: generalization bounds and algorithms,1
5054,Using publicly available information to proxy for unidentified race and ethnicity: a methodology and assessment,1
4818,The structure and function of explanations,1
4940,Towards the science of security and privacy in machine learning,1
2161,Digital Discrimination: The Case of Airbnb,1
1439,Antidiscriminatory Algorithms,1
2058,Deep Learning,1
2025,"Data, technology, and gender: Thinking about (and from) trans lives (as Incoll)",1
2587,Fairness in Machine Learning,1
4777,The Role and Limits of Principles in AI Ethics: Towards a Focus on Tensions,1
2985,Inequality,1
3962,Racial fluidity and inequality in the United States,1
5128,What is data justice? The case for connecting digital rights and freedoms globally,1
3056,Investigating Ad Transparency Mechanisms in Social Media: A Case Study of Facebook‚Äôs Explanations,1
4034,Regulating Black-Box Medicine,1
3753,Practitioner‚Äôs Guide to COMPAS Core,1
1318,Algorithmic accountability,1
5211,Why Unbiased Computational Processes Can Lead to Discriminative Decision Procedures,1
2014,Data statements for NLP: Toward mitigating system bias and enabling better science,1
2290,Efficient estimation of word representations in vector space,1
1086,A conceptual framework for approaching social justice in an age of datafication,1
2568,Fairer machine learning in the real world: Mitigating discrimination without collecting sensitive data,1
4154,Satisfying Real-world Goals with Dataset Constraints,1
1640,Blind Justice: Fairness with Encrypted Sensitive Attributes,1
1424,Analysis of the Increase and Decrease Algorithms for Congestion Avoidance in Computer Networks,1
2084,"Demarginalizing the Intersection of Race and Sex: A Black Feminist Critique of Antidiscrimination Doctrine, Feminist Theory and Antiracist Politics",1
2584,Fairness in Decision-Making‚ÄìThe Causal Explanation Formula,1
4262,Situating methods in the magic of Big Data and AI,1
2093,Deracializing social statistics: Problems in the quantification of race,1
2977,Increasing Trust in AI Services through Supplier‚Äôs Declarations of Conformity,1
3624,Optimized Pre-Processing for Discrimination Prevention,1
.............,............
50,Efficient Search for Diverse Coherent Explanations,24
103,Explainability Fact Sheets: A Framework for Systematic Assessment of,21
80,Explainable Machine Learning in Deployment,20
109,The Hidden Assumptions Behind Counterfactual Explanations and Principal Reasons,18
72,The relationship between trust in AI and trustworthy machine learning technologies,17
63,Explaining Machine Learning Classifiers through Diverse Counterfactual Explanations,15
19,Actionable Recourse in Linear Classification,15
61,Why Does My Model Fail? Contrastive Local Explanations for Retail Forecasting,13
84,Effect of Confidence and Explanation on Accuracy and Trust Calibration in AI-Assisted Decision Making,10
64,Doctor XAI: An ontology-based approach to black-box sequential data classification explanations,10
60,Model Agnostic Interpretability of Rankers via Intent Modelling,9
41,On Human Predictions with Explanations and Predictions of Machine Learning Models,9
82,Robustness in Machine Learning Explanations: Does It Matter?,8
30,Deep Weighted Averaging Classifiers,7
28,The Profiling Potential of Computer Vision and the Challenge of Computational Empiricism,7
38,Model Reconstruction from Model Explanations,6
79,The philosophical basis of algorithmic recourse‚àó,4
1215,A Unified Approach to Interpreting Model Predictions,10
5205,Why Should I Trust You?: Explaining the Predictions of Any Classifier,9
1925,Counterfactual Explanations without Opening the Black Box: Automated Decisions and the GDPR,9
4923,Towards a Rigorous Science of Interpretable  Machine Learning,8
4687,The Mythos of Model Interpretability,7
1195,A Survey Of Methods For Explaining Black Box Models,5
3013,Intelligible models for healthcare: Predicting pneumonia risk and hospital 30-day readmission,4
2475,Explanation in Artificial Intelligence: Insights from the Social Sciences,4
1430,Anchors: HighPrecision Model-Agnostic Explanations,4
4476,The Bayesian Case Model: A Generative Approach for Case-Based Reasoning and Prototype Classification,4
1019,"""Why Should I Trust You?"": Explaining the Predictions of Any Classifier",4
2433,"Examples are not Enough, Learn to Criticize! Criticism for Interpretability",4
4341,Stealing Machine Learning Models via Prediction APIs,3
2458,Explaining Data-Driven Document Classifications,3
2505,Extracting tree-structured representations of trained networks,3
4353,Stop explaining black box machine learning models for high  stakes decisions and use interpretable models instead,3
4789,The Scored Society: Due Proccess for  Automated Predictions,3
3175,Learning important features through propagating activation differences,2
5088,Visualizing and understanding convolutional networks,2
3116,Justification narratives for individual classifications,2
2924,Imagenet classification with deep convolutional neural networks,2
3988,Rationalizing Neural Predictions,2
1313,Algorithm Aversion: People Erroneously Avoid Algorithms After Seeing Them Err,2
1016,"""It‚Äôs Reducing a Human Being to a Percentage""; Perceptions of Justice in Algorithmic Decisions",2
1486,Assessing demand for intelligibility in context-aware applications,2
3012,Intelligible Models for Classification and Regression,2
2856,How to explain individual classification decisions,2
1233,Accountability of AI Under the Law: The Role of Explanation,2
3415,Model-agnostic interpretability of machine learning,2
3029,Interpretable & Explorable Approximations of Black Box Models,2
3297,Manipulating and Measuring Model Interpretability,2
2055,Deep inside convolutional networks: Visualising image classification models and saliency maps,2
5001,Understanding Black-box Predictions via Influence Functions,2
3377,Methods for interpreting and understanding deep neural networks,2
1020,"""Why Should You Trust My Explanation?"" Understanding Uncertainty in LIME Explanations",1
1929,Counterfactuals,1
3042,Interpretable to Whom? A Role-based Model for Analyzing Interpretable Machine Learning Systems,1
1930,Counterfactuals and explanation,1
1264,Adversarial classification,1
4807,The spread of true and false news online,1
2057,Deep learning,1
4769,The right not to be subject to automated decisions based on profiling,1
4272,Smoothgrad: removing noise by adding noise,1
3036,Interpretable Decision Sets: A Joint Framework for Description and Prediction,1
3050,Intriguing properties of neural networks,1
4788,The science of fake news,1
2146,Differential privacy,1
1335,Algorithmic Impact Assessments: A Practical Framework for Public Agency Accountability,1
3045,Interpreting Blackbox Models via Model Extraction,1
3670,Peeking Inside the Black-Box: A Survey on Explainable Artificial Intelligence (XAI),1
1524,Automated Inference on Criminality using Face Images,1
1454,Are Face Recognition Systems Accurate? Depends on Your Race,1
3133,Knowledge-based Causal Attribution: The Abnormal Conditions Focus Model,1
1498,Attention is all you need,1
3039,Interpretable Predictions of Tree-based Ensembles via Actionable Feature Tweaking,1
5084,Visual Explanation of Evidence in Additive Classifiers,1
4898,"Too much, too little, or just right? Ways explanations impact end users‚Äô mental models",1
4857,The What-If Tool: Interactive Probing of Machine Learning Models,1
2457,Explaining collaborative filtering recommendations,1
3419,Model Agnostic Counterfactual Explanations for Consequential Decisions,1
1174,A Short History of Photography 1934,1
3119,k-NN as an implementation of situation testing for discrimination discovery and prevention,1
2456,Explaining and Harnessing Adversarial Examples,1
1549,Axiomatic attribution for deep networks,1
5190,Why a Right to Legibility of Automated Decision-Making Exists in the General Data Protection Regulation,1
2771,Greedy Function Approximation: A Gradient Boosting Machine,1
1912,Conversational Processes and Causal Explanation,1
4339,Statistics and Causal Inference,1
3526,Objectivity,1
4965,Trust in Automation: Designing for Appropriate Reliance,1
4311,Stakeholders in Explainable AI,1
4356,Strategic Classification from Revealed Preferences,1
2043,Decision Provenance: Harnessing Data Flow for Accountable Systems,1
2450,Explainable AI: Beware of Inmates Running the Asylum Or: How I Learnt to Stop Worrying and Love the Social and Behavioural Sciences,1
2388,Ethically Aligned Design: A Vision for Prioritizing Human Well-being with Autonomous and Intelligent Systems,1
4935,Towards extracting faithful and descriptive representations of latent variable models,1
2478,Explanations based on the Missing: Towards Contrastive Explanations with Pertinent Negatives,1
1715,Case-based explanation of non-case-based learning methods,1
4334,Statistical learning theory,1
3991,Rawlsian Fairness for Machine Learning,1
1237,Accurate intelligible models with pairwise interactions,1
4268,Slave to the Algorithm: Why a Right to an Explanation Is Probably Not the Remedy You Are Looking for,1
2955,Improving recommendation lists through topic diversification,1
1622,"Big data, New Epistemologies and Paradigm Shifts",1
1852,Comprehensible credit scoringmodels using rule extraction from support vector machines,1
4255,Simplicity and probability in causal explanation,1
2065,Deep Neural Networks are More Accurate than Humans at Detecting Sexual Orientation from Facial Images,1
2226,Do Algorithms Rule the World? Algorithmic Decision-Making and  Data Protection in the Framework of the GDPR and Beyond,1
1255,Adam: A Method for Stochastic Optimization,1
4383,Support vector machines for spam categorization,1
2643,Finding Influential Training Samples for Gradient Boosted Decision Trees,1
1146,A nutritional label for rankings,1
2064,Deep neural networks are easily fooled: High confidence predictions for unrecognizable images,1
2461,Explaining explanation,1
3037,Interpretable Explanations of Black Boxes by Meaningful Perturbation,1
3070,Is seeing believing? how recommender interfaces affect users‚Äô opnions,1
3025,Interpretability Beyond Feature Attribution: Quantitative Testing with Concept Activation Vectors (TCAV),1
3177,Learning Multiple Layers of Features from Tiny Images,1
3244,Local Rule-Based Explanations of Black Box Decision Systems,1
3775,Predictive Analytics for City Agencies: Lessons from Children‚Äôs Services,1
1903,Contrastive Explanation,1
3513,Not just a black box: Learning important features through propagating activation differences,1
.............,............
88,The False Promise of Risk Assessments: Epistemic Reform and the Limits of Fairness,35
4535,The downstream consequences of misdemeanor pretrial detention,1
2779,Guide to the Release Conditions Matrix,1
1699,"Can we avoid reductionism in risk reduction? Theoretical Criminology (2017), 1‚Äì21",1
2919,If You Give a Judge a Risk Score: Evidence from Kentucky Bail Decisions,1
3586,One Year Criminal Justice Reform Report to the Governor and the Legislature,1
4490,The causal impact of bail on case outcomes for indigent defendants in New York City,1
3069,"Is Science Multicultural?: Postcolonialisms, Feminisms, and Epistemologies",1
4517,The Critique of Rights in Critical Legal Studies,1
4741,The Principles and Limits of Algorithmin-the-Loop Decision Making,1
1502,Attorney General Law Enforcement Directive,1
5022,United States v Salerno,1
4967,Trust in Numbers: The Pursuit of Objectivity in Science and Public Life,1
1633,"Black Feminist Thought: Knowledge, Consciousness, and the Politics of Empowerment",1
1352,Algorithms in the Criminal Justice System: Assessing the Use of Risk Assessments in Sentencing,1
4894,"To Save Everything, Click Here: The Folly of Technological Solutionism",1
3793,Pretrial Integrity and Safety Act of 2017,1
3815,Prisons Do Not Reduce Recidivism: The High Cost of Ignoring Science,1
2795,Hard Bargains: The Coercive Power of Drug Laws in Federal Court,1
3097,Joint Statement in Support of the Use of Pretrial Risk Assessment Instruments,1
3422,"Modeling Contagion Through Social Networks to Explain and Predict Gunshot Violence in Chicago, 2006 to 2014",1
1771,Chokehold: Policing Black Men,1
4616,The Impact of Algorithms on Judicial Discretion: Evidence from Regression Discontinuities,1
4797,The Smart Enough City: Putting Technology in Its Place to Reclaim Our Urban Future,1
4327,Statement of Principles on Pretrial Justice and Use of Pretrial Risk Assessment,1
3953,"Race, Reform, and Retrenchment: Transformation and Legitimation in Antidiscrimination Law",1
4325,State v Loomis,1
2192,Discrimination in the Age of Algorithms,1
1800,Code of Silence,1
5193,Why American Prisons Owe Their Cruelty to Slavery,1
1464,Artifcial Unintelligence: How Computers Misunderstand the World,1
3794,Pretrial Risk Assessment Can Produce RaceNeutral Results,1
3632,"Ordering knowledge, ordering society",1
4115,Risk Assessment in Criminal Sentencing,1
4123,Risk-Based Pretrial Release Recommendation and Supervision Guidelines,1
4848,The Use of Pretrial ‚ÄúRisk Assessment‚Äù Instruments: A Shared Statement of Civil Rights Concerns,1
.............,............
45,Who‚Äôs the Guinea Pig? Investigating Online A/B/n Tests in-the-Wild,8
90,Recommendations and User Agency: The Reachability of Collaboratively-Filtered Information,8
87,Auditing Radicalization Pathways on YouTube,5
2640,"Filter bubbles, echo chambers, and online news consumption",2
3343,Measuring Price Discrimination and Steering on E-commerce Web Sites,2
5256,"YouTube, the Great Radicalizer",2
2445,Experimental evidence of massive-scale emotional contagion through social networks,1
3352,Media Bias/Fact Check,1
2517,Facebook (Still) Letting Housing Advertisers Exclude Users by Race,1
4679,The movielens datasets: History and context,1
4959,"Transparent, Scrutable and Explainable User Models for Personalized Recommendation",1
4654,The Making of a YouTube Radical,1
2067,Deep Neural Networks for YouTube Recommendations,1
4269,SLIM: Sparse linear methods for top-n recommender systems,1
2788,Gurobi Optimizer Reference Manual,1
3341,Measuring Personalization of Web Search,1
4478,The Belmont  Report: Ethical Principles and Guidelines for the Protection of  Human Subjects of Research,1
3351,Media Bias Monitor: Quantifying Biases of Social Media News Outlets at Large-Scale,1
3749,Practical Guide to Controlled Experiments on the Web: Listen to Your Customers not to the HiPPO,1
2956,Improving regularized singular value decomposition for collaborative filtering,1
2123,Detecting price and search discrimination on the internet,1
.............,............
73,Towards Fairer Datasets: Filtering and Balancing the Distribution of the People Subtree in the ImageNet Hierarchy,16
13,"Analyze, Detect and Remove Gender Stereotyping from Bollywood Movies",1
5013,Unequal representation and gender stereotypes in image search results for occupations,2
1914,Convnets and ImageNet beyond accuracy: Understanding mistakes and uncovering biases,1
3907,Pushing the frontiers of unconstrained face detection and recognition: Iarpa janus benchmark a,1
1372,Americans with Disabilities Act of 1990,1
5221,Women also snowboard: Overcoming bias in captioning models,1
4850,The validity and practicality of sun-reactive skin types I through VI,1
3168,Learning Adversarially Fair and Transferable Representations,1
3964,Racial Influence on Automated Perceptions of Emotions,1
2059,Deep Learning Face Attributes in the Wild,1
5078,Very deep convolutional networks for large-scale image recognition,1
2926,ImageNet: A Large-Scale Hierarchical Image Database,1
1620,"Big Data, Data Science, and Civil Rights",1
1740,Censoring Representations with an Adversary,1
3405,Mitigating Unwanted Biases with Adversarial Learning,1
2974,InclusiveFaceNet: Improving Face Attribute Detection with Race and Gender Diversity,1
2070,Deep residual learning for image recognition,1
.............,............
75,What to account for when accounting for algorithms: A systematic literature review on algorithmic accountability,16
1467,Artifical Intelligence Policy in India: A Framework for Engaging the Limits of Data Driven Decision Making,1
4191,Seeing without Knowing: Limitations of  the Transparency Ideal and Its Application to Algorithmic Accountability,1
4958,Transparent to whom? No algorithmic accountability without a critical audience,1
1322,Algorithmic Accountability: Journalistic investigation of computational power structures,1
1594,Bias in algorithmic filtering and personalization,1
1519,"Automated Decision-Making Fairness in an AI-driven  World: Public Perceptions, Hopes and Concerns",1
1693,Can an Algorithm be Agonistic? Ten Scenes from Life in Calculated Publics,1
1231,Accountability in Algorithmic Decision-making: A view from computational journalism,1
2916,IEEE Code of Ethics,1
1319,Algorithmic Accountability and Public Reason,1
2685,From street-level to system-level bureaucracies: How information and communication technology is transforming administrative discretion and constitutional control,1
1801,Code: and other laws of cyberspace,1
1317,Algorithmic Accountability,1
4910,"Toward an Ethics of Algorithms: Convening, Observation, Probability, and Timeliness",1
3240,Litigating Algorithms: Challenging Government Use Of Algorithmic Decision Systems,1
1341,Algorithmic regulation and the global default: Shifting norms in Internet technology,1
.............,............
53,Algorithmic Realism: Expanding the Boundaries of Algorithmic Thought,15
2206,Dissecting racial bias in an algorithm used to manage the health of populations,1
3826,"Privacy in Context: Technology, Policy, and the Integrity of Social Life",1
4903,Toward a Critical Technical Practice: Lessons Learned in Trying to Reform AI,1
4523,The Dataset Nutrition Label: A Framework To Drive Higher Data Quality Standards,1
4699,The New Jim Crow: Mass Incarceration in the Age of Colorblindness,1
1271,Aequitas A Bias and Fairness Audit Toolkit,1
2018,Data Vision: Learning to See Through Algorithmic Abstraction,1
1295,AI in Context: The Labor of Integrating New  Technologies,1
1343,Algorithmic Transparency for the Smart City,1
5174,When the implication is not to design (technology),1
3762,Predicting Depression via Social Media,1
4906,"Toward a Non-Ideal, Relational Methodology for Political Philosophy: Comments on Schwartzman‚Äôs ‚ÄúChallenging Liberalism‚Äù",1
4799,The Social Construction of Facts and  Artefacts: or How the Sociology of Science and the Sociology of  Technology might Benefit Each Other,1
4201,Self-exciting point process modeling of crime,1
2005,Data Science as Political Action: Grounding Data Science in a Politics of Justice,1
.............,............
7,"All the cool kids, how do they fit in?: Popularity and demographic biases in recommender evaluation and effectiveness",7
22,Equality of Voice: Towards Fair Representation in Crowdsourced Top-K Recommendations,5
1586,Beyond parity: Fairness objectives for collaborative filtering,2
3458,Multisided fairness for recommendation,2
1216,A Unified Approach to Quantifying Algorithmic Unfairness: Measuring Individual and Group Unfairness via Inequality Indices,1
1885,Considerations on recommendation independence for a Find-Good-Items task,1
4917,Toward the next generation of recommender systems: A survey of the state-of-the-art and possible extensions,1
3087,Item-based top-n recommendation algorithms,1
1817,Collaborative filtering recommender systems,1
1897,Content-based recommendation systems,1
1259,Advances in collaborative filtering,1
1898,Content-based recommender systems: State of the art and trends,1
.............,............
91,Interventions for Ranking in the Presence of Implicit Bias,8
44,Controlling Polarization in Personalization: An Algorithmic Framework,5
4790,The search engine manipulation effect (SEME) and its possible impact on the outcomes of elections,2
4329,Statement on Algorithmic Transparency and Accountability,1
2134,Developing the research basis for controlling bias in hiring,1
1652,Breaking the lter bubble: democracy and design,1
2606,FairnessAware Ranking in Search & Recommendation Systems with Application to LinkedIn Talent Search,1
2945,Improving aggregate recommendation diversity using ranking-based techniques,1
1968,Cumulated gain-based evaluation of IR techniques,1
1360,AllSides Media Bias Ratings,1
3459,Multiwinner Voting with Fairness Constraints,1
2551,Fair and Diverse DPP-based Data Summarization,1
.............,............
68,Towards a more representative politics in the ethics of computer science,7
106,"Whose Side are Ethics Codes On? Power, Responsibility and the Social Good",2
1241,ACM Code of  Ethics and Professional Conduct,2
4300,Sorting Things Out: Classification and its Consequences,1
3645,"Owning Ethics: Corporate Logics, Silicon Valley, and the Institutionalization of Ethics",1
3082,"It‚Äôs Not Privacy, and It‚Äôs Not Fair",1
2394,Ethics as an Escape from Regulation: From ‚Äôethics-washing‚Äô to ethics-shopping? ,1
1627,Big data‚Äôs end run around procedural privacy protections,1
1802,Code: Version 2,1
3998,Reassembling the social‚ÄîAn introduction to actor network theory,1
.............,............
78,Lessons from Archives: Strategies for Collecting Sociocultural Data in Machine Learning,6
3673,People + AI Guidebooks,1
1798,Code of Ethics,1
1377,An algorithm for removing sensitive information: application to race-independent recidivism prediction,1
3585,"One Month, 500,000 Face Scans: How China Is Using A",1
1895,Consumers and Curators: Browsing and Voting Patterns on Reddit,1
2707,Gender Recognition or Gender Reductionism?: The Social Implications of Embedded Gender Recognition Systems,1
.............,............
33,SIREN: A Simulation framework for understanding the effects of recommender systems in online news environments,5
2224,Diversity in recommender systems‚ÄìA survey,1
2496,Exploring the filter bubble: the effect of using recommender systems on content diversity,1
3689,Personalized news recommendation based on click behavior,1
4431,Temporal diversity in recommender systems,1
4766,The relevance of algorithms,1
.............,............
74,The concept of Fairness in the GDPR: A linguistic and contextual interpretation,4
2780,Guidelines on Automated individual  decision-making and Profiling for the purposes of Regulation,1
2781,Guidelines  on  Data  Protection  Impact Assessment (DPIA) and determining whether processing is ‚Äúlikely to  result in a high risk‚Äù for the purposes of Regulation,1
1043,"15 giugno 2006, n",1
2482,"Explanatory Report regard to Automatic  Processing of Personal Data (*) Strasbourg, 10",1
.............,............
57,The Case for Voter-Centered Audits of Search Engines During Political Elections,4
4578,The Filter Bubble: How the New Personalized Web Is Changing What We Read and How We Think,1
1511,Auditing Partisan Audience BiasWithin Google Search,1
2125,Detecting spam web pages through content analysis,1
1514,Auditing the Personalization and Composition of Politically-Related Search Engine Results Pages,1
.............,............
23,Robot Eyes Wide Shut: Understanding Dishonest Anthropomorphism,0
.............,............
